{"cameraMode":{"drawMode":0,"name":"Shaded","section":"Shading Mode"},"sceneLighting":false,"audioPlay":false,"sceneViewState":{"m_AlwaysRefresh":false,"showFog":true,"showSkybox":false,"showFlares":true,"showImageEffects":true,"showParticleSystems":true,"showVisualEffectGraphs":true,"m_FxEnabled":true},"in2DMode":false,"pivot":{"x":41.266380310058597,"y":4.304050445556641,"z":10.91277027130127},"rotation":{"x":0.036587636917829517,"y":0.9612753391265869,"z":-0.15508438646793366,"w":0.22808682918548585},"size":0.6527261734008789,"orthographic":false}