{"cameraMode":{"drawMode":0,"name":"Shaded","section":"Shading Mode"},"sceneLighting":false,"audioPlay":false,"sceneViewState":{"m_AlwaysRefresh":false,"showFog":true,"showSkybox":false,"showFlares":true,"showImageEffects":true,"showParticleSystems":true,"showVisualEffectGraphs":true,"m_FxEnabled":true},"in2DMode":false,"pivot":{"x":-10.290637016296387,"y":0.10011768341064453,"z":64.05321502685547},"rotation":{"x":0.13790461421012879,"y":-0.8177024126052856,"z":0.21949943900108338,"w":0.5141213536262512},"size":3.595872163772583,"orthographic":false}