{"cameraMode":{"drawMode":0,"name":"Shaded","section":"Shading Mode"},"sceneLighting":false,"audioPlay":false,"sceneViewState":{"m_AlwaysRefresh":false,"showFog":true,"showSkybox":false,"showFlares":true,"showImageEffects":true,"showParticleSystems":true,"showVisualEffectGraphs":true,"m_FxEnabled":true},"in2DMode":false,"pivot":{"x":-0.09132230281829834,"y":0.9190343022346497,"z":-0.1095055341720581},"rotation":{"x":0.10451444238424301,"y":-0.5623024702072144,"z":0.07190428674221039,"w":0.8171669244766235},"size":0.8660253882408142,"orthographic":false}