{"cameraMode":{"drawMode":0,"name":"Shaded","section":"Shading Mode"},"sceneLighting":false,"audioPlay":false,"sceneViewState":{"m_AlwaysRefresh":false,"showFog":true,"showSkybox":false,"showFlares":true,"showImageEffects":true,"showParticleSystems":true,"showVisualEffectGraphs":true,"m_FxEnabled":true},"in2DMode":false,"pivot":{"x":-0.3219963312149048,"y":2.0696651935577394,"z":3.677663564682007},"rotation":{"x":0.04951993376016617,"y":-0.9391484260559082,"z":0.1531955450773239,"w":0.30352264642715456},"size":0.7233349680900574,"orthographic":false}