{"cameraMode":{"drawMode":0,"name":"Shaded","section":"Shading Mode"},"sceneLighting":false,"audioPlay":false,"sceneViewState":{"m_AlwaysRefresh":false,"showFog":true,"showSkybox":false,"showFlares":true,"showImageEffects":true,"showParticleSystems":true,"showVisualEffectGraphs":true,"m_FxEnabled":true},"in2DMode":false,"pivot":{"x":0.10457563400268555,"y":1.335419774055481,"z":0.031154155731201173},"rotation":{"x":0.04302981495857239,"y":-0.9387417435646057,"z":0.12721624970436097,"w":0.31745022535324099},"size":0.7233349680900574,"orthographic":false}