{"cameraMode":{"drawMode":0,"name":"Shaded","section":"Shading Mode"},"sceneLighting":false,"audioPlay":false,"sceneViewState":{"m_AlwaysRefresh":false,"showFog":true,"showSkybox":false,"showFlares":true,"showImageEffects":true,"showParticleSystems":true,"showVisualEffectGraphs":true,"m_FxEnabled":true},"in2DMode":false,"pivot":{"x":-8.903120994567871,"y":-0.05873976647853851,"z":12.235747337341309},"rotation":{"x":0.22021810710430146,"y":-0.7026301622390747,"z":0.24539116024971009,"w":0.6305686235427856},"size":2.1062748432159426,"orthographic":false}