{"cameraMode":{"drawMode":0,"name":"Shaded","section":"Shading Mode"},"sceneLighting":true,"audioPlay":false,"sceneViewState":{"m_AlwaysRefresh":false,"showFog":true,"showSkybox":true,"showFlares":true,"showImageEffects":true,"showParticleSystems":true,"showVisualEffectGraphs":true,"m_FxEnabled":true},"in2DMode":false,"pivot":{"x":-0.4012681245803833,"y":2.079183340072632,"z":-10.671248435974121},"rotation":{"x":-0.10008242726325989,"y":-0.8362524509429932,"z":0.16283133625984193,"w":-0.5139870643615723},"size":0.6123724579811096,"orthographic":false}