{"cameraMode":{"drawMode":0,"name":"Shaded","section":"Shading Mode"},"sceneLighting":true,"audioPlay":false,"sceneViewState":{"m_AlwaysRefresh":false,"showFog":true,"showSkybox":true,"showFlares":true,"showImageEffects":true,"showParticleSystems":true,"showVisualEffectGraphs":true,"m_FxEnabled":true},"in2DMode":false,"pivot":{"x":29.546308517456056,"y":35.76920700073242,"z":29.145002365112306},"rotation":{"x":0.34055161476135256,"y":-0.5125207304954529,"z":0.2316686511039734,"w":0.7535035610198975},"size":1.6038315296173096,"orthographic":false}