{"cameraMode":{"drawMode":0,"name":"Shaded","section":"Shading Mode"},"sceneLighting":true,"audioPlay":false,"sceneViewState":{"m_AlwaysRefresh":false,"showFog":true,"showSkybox":true,"showFlares":true,"showImageEffects":true,"showParticleSystems":true,"showVisualEffectGraphs":true,"m_FxEnabled":true},"in2DMode":false,"pivot":{"x":-2.2536826133728029,"y":2.5107970237731935,"z":-9.787476539611817},"rotation":{"x":0.09709335118532181,"y":0.7558073401451111,"z":-0.11515762656927109,"w":0.6372506618499756},"size":0.8572924137115479,"orthographic":false}