{"cameraMode":{"drawMode":0,"name":"Shaded","section":"Shading Mode"},"sceneLighting":true,"audioPlay":false,"sceneViewState":{"m_AlwaysRefresh":false,"showFog":true,"showSkybox":true,"showFlares":true,"showImageEffects":true,"showParticleSystems":true,"showVisualEffectGraphs":true,"m_FxEnabled":true},"in2DMode":false,"pivot":{"x":1.7403978109359742,"y":1.793074369430542,"z":-7.604396820068359},"rotation":{"x":0.00011759588960558176,"y":0.9732193350791931,"z":-0.23043961822986604,"w":-0.0006128131062723696},"size":1.6038315296173096,"orthographic":false}