{"cameraMode":{"drawMode":0,"name":"Shaded","section":"Shading Mode"},"sceneLighting":true,"audioPlay":false,"sceneViewState":{"m_AlwaysRefresh":false,"showFog":true,"showSkybox":true,"showFlares":true,"showImageEffects":true,"showParticleSystems":true,"showVisualEffectGraphs":true,"m_FxEnabled":true},"in2DMode":false,"pivot":{"x":34.53485870361328,"y":26.450220108032228,"z":20.501815795898439},"rotation":{"x":0.26181647181510928,"y":-0.5071550607681274,"z":0.16514752805233003,"w":0.8044297695159912},"size":1.328768253326416,"orthographic":false}