{"cameraMode":{"drawMode":0,"name":"Shaded","section":"Shading Mode"},"sceneLighting":true,"audioPlay":false,"sceneViewState":{"m_AlwaysRefresh":false,"showFog":true,"showSkybox":true,"showFlares":true,"showImageEffects":true,"showParticleSystems":true,"showVisualEffectGraphs":true,"m_FxEnabled":true},"in2DMode":false,"pivot":{"x":87.72547149658203,"y":45.467430114746097,"z":15.820623397827149},"rotation":{"x":0.1958097219467163,"y":-0.6180446147918701,"z":0.16268065571784974,"w":0.7438209056854248},"size":1.3837921619415284,"orthographic":false}