{"cameraMode":{"drawMode":0,"name":"Shaded","section":"Shading Mode"},"sceneLighting":false,"audioPlay":false,"sceneViewState":{"m_AlwaysRefresh":false,"showFog":true,"showSkybox":false,"showFlares":true,"showImageEffects":true,"showParticleSystems":true,"showVisualEffectGraphs":true,"m_FxEnabled":true},"in2DMode":false,"pivot":{"x":-5.960464477539063e-8,"y":0.6537260413169861,"z":2.9802322387695315e-8},"rotation":{"x":0.05921006575226784,"y":-0.7179648876190186,"z":0.06154300644993782,"w":0.6909251809120178},"size":0.9777026772499085,"orthographic":false}