{"cameraMode":{"drawMode":0,"name":"Shaded","section":"Shading Mode"},"sceneLighting":false,"audioPlay":false,"sceneViewState":{"m_AlwaysRefresh":false,"showFog":true,"showSkybox":false,"showFlares":true,"showImageEffects":true,"showParticleSystems":true,"showVisualEffectGraphs":true,"m_FxEnabled":true},"in2DMode":false,"pivot":{"x":-0.01671057939529419,"y":-0.20947620272636414,"z":0.2676430344581604},"rotation":{"x":-0.317362517118454,"y":0.46560266613960268,"z":-0.18343999981880189,"w":-0.805518388748169},"size":0.4668893814086914,"orthographic":false}