{"cameraMode":{"drawMode":0,"name":"Shaded","section":"Shading Mode"},"sceneLighting":false,"audioPlay":false,"sceneViewState":{"m_AlwaysRefresh":false,"showFog":true,"showSkybox":false,"showFlares":true,"showImageEffects":true,"showParticleSystems":true,"showVisualEffectGraphs":true,"m_FxEnabled":true},"in2DMode":false,"pivot":{"x":-20.385879516601564,"y":0.36092856526374819,"z":-3.783114194869995},"rotation":{"x":0.007617664523422718,"y":-0.8784704208374023,"z":0.013953817076981068,"w":0.4776248335838318},"size":1.7508927583694459,"orthographic":false}