{"cameraMode":{"drawMode":0,"name":"Shaded","section":"Shading Mode"},"sceneLighting":false,"audioPlay":false,"sceneViewState":{"m_AlwaysRefresh":false,"showFog":true,"showSkybox":false,"showFlares":true,"showImageEffects":true,"showParticleSystems":true,"showVisualEffectGraphs":true,"m_FxEnabled":true},"in2DMode":false,"pivot":{"x":-19.68321418762207,"y":1.7145906686782838,"z":-5.013220310211182},"rotation":{"x":0.013908709399402142,"y":-0.8810510635375977,"z":0.02589593268930912,"w":0.47220075130462649},"size":1.7508927583694459,"orthographic":false}