{"cameraMode":{"drawMode":0,"name":"Shaded","section":"Shading Mode"},"sceneLighting":false,"audioPlay":false,"sceneViewState":{"m_AlwaysRefresh":false,"showFog":true,"showSkybox":false,"showFlares":true,"showImageEffects":true,"showParticleSystems":true,"showVisualEffectGraphs":true,"m_FxEnabled":true},"in2DMode":false,"pivot":{"x":1.0526503324508668,"y":1.0997874736785889,"z":-0.01870693452656269},"rotation":{"x":-0.10432790219783783,"y":0.7838238477706909,"z":-0.1370721161365509,"w":-0.5967329144477844},"size":0.9052761793136597,"orthographic":false}