{"cameraMode":{"drawMode":0,"name":"Shaded","section":"Shading Mode"},"sceneLighting":false,"audioPlay":false,"sceneViewState":{"m_AlwaysRefresh":false,"showFog":true,"showSkybox":false,"showFlares":true,"showImageEffects":true,"showParticleSystems":true,"showVisualEffectGraphs":true,"m_FxEnabled":true},"in2DMode":false,"pivot":{"x":1.1920928955078126e-7,"y":0.8652737736701965,"z":-0.06183326244354248},"rotation":{"x":0.027475448325276376,"y":-0.8743038177490234,"z":0.060244299471378329,"w":0.4826093912124634},"size":1.439709186553955,"orthographic":false}