{"cameraMode":{"drawMode":0,"name":"Shaded","section":"Shading Mode"},"sceneLighting":false,"audioPlay":false,"sceneViewState":{"m_AlwaysRefresh":false,"showFog":true,"showSkybox":false,"showFlares":true,"showImageEffects":true,"showParticleSystems":true,"showVisualEffectGraphs":true,"m_FxEnabled":true},"in2DMode":false,"pivot":{"x":2.5808064937591554,"y":0.6000314354896545,"z":-19.877042770385743},"rotation":{"x":-0.031032439321279527,"y":-0.9588829278945923,"z":0.11562047898769379,"w":-0.25734853744506838},"size":4.091980457305908,"orthographic":false}