{"cameraMode":{"drawMode":0,"name":"Shaded","section":"Shading Mode"},"sceneLighting":false,"audioPlay":false,"sceneViewState":{"m_AlwaysRefresh":false,"showFog":true,"showSkybox":false,"showFlares":true,"showImageEffects":true,"showParticleSystems":true,"showVisualEffectGraphs":true,"m_FxEnabled":true},"in2DMode":false,"pivot":{"x":41.03151321411133,"y":6.379423141479492,"z":0.42875897884368899},"rotation":{"x":0.01639832742512226,"y":0.6801430583000183,"z":-0.015438268892467022,"w":0.7337577939033508},"size":3.0458054542541506,"orthographic":false}