{"cameraMode":{"drawMode":0,"name":"Shaded","section":"Shading Mode"},"sceneLighting":false,"audioPlay":false,"sceneViewState":{"m_AlwaysRefresh":false,"showFog":true,"showSkybox":false,"showFlares":true,"showImageEffects":true,"showParticleSystems":true,"showVisualEffectGraphs":true,"m_FxEnabled":true},"in2DMode":false,"pivot":{"x":-0.641410231590271,"y":-0.4968110918998718,"z":-0.12282299995422363},"rotation":{"x":0.017547689378261567,"y":-0.9818819165229797,"z":0.11540724337100983,"w":0.14929956197738648},"size":1.881382703781128,"orthographic":false}