{"cameraMode":{"drawMode":0,"name":"Shaded","section":"Shading Mode"},"sceneLighting":false,"audioPlay":false,"sceneViewState":{"m_AlwaysRefresh":false,"showFog":true,"showSkybox":false,"showFlares":true,"showImageEffects":true,"showParticleSystems":true,"showVisualEffectGraphs":true,"m_FxEnabled":true},"in2DMode":false,"pivot":{"x":15.926451683044434,"y":3.2457594871520998,"z":-1.9658712148666382},"rotation":{"x":-0.021604852750897409,"y":0.9573979377746582,"z":-0.09362135827541352,"w":-0.27543920278549197},"size":1.2247449159622193,"orthographic":false}