{"cameraMode":{"drawMode":0,"name":"Shaded","section":"Shading Mode"},"sceneLighting":false,"audioPlay":false,"sceneViewState":{"m_AlwaysRefresh":false,"showFog":true,"showSkybox":false,"showFlares":true,"showImageEffects":true,"showParticleSystems":true,"showVisualEffectGraphs":true,"m_FxEnabled":true},"in2DMode":false,"pivot":{"x":-7.5542144775390629,"y":-0.06701898574829102,"z":-0.5198450088500977},"rotation":{"x":0.022368043661117555,"y":0.974830150604248,"z":-0.1898154765367508,"w":0.11487634479999542},"size":31.457448959350587,"orthographic":false}