{"cameraMode":{"drawMode":0,"name":"Shaded","section":"Shading Mode"},"sceneLighting":false,"audioPlay":false,"sceneViewState":{"m_AlwaysRefresh":false,"showFog":true,"showSkybox":false,"showFlares":true,"showImageEffects":true,"showParticleSystems":true,"showVisualEffectGraphs":true,"m_FxEnabled":true},"in2DMode":false,"pivot":{"x":0.5985726714134216,"y":0.3248906433582306,"z":0.4848262369632721},"rotation":{"x":-0.1806596964597702,"y":0.7245957255363464,"z":-0.20710022747516633,"w":-0.6320458650588989},"size":0.4109857380390167,"orthographic":false}