{"cameraMode":{"drawMode":0,"name":"Shaded","section":"Shading Mode"},"sceneLighting":false,"audioPlay":false,"sceneViewState":{"m_AlwaysRefresh":false,"showFog":false,"showSkybox":false,"showFlares":false,"showImageEffects":false,"showParticleSystems":false,"showVisualEffectGraphs":true,"m_FxEnabled":true},"in2DMode":false,"pivot":{"x":0.00022268295288085938,"y":0.8597233295440674,"z":0.04648348689079285},"rotation":{"x":-0.03474827855825424,"y":0.6282812356948853,"z":-0.02811477519571781,"w":-0.7767852544784546},"size":1.3852734565734864,"orthographic":false}