{"cameraMode":{"drawMode":0,"name":"Shaded","section":"Shading Mode"},"sceneLighting":false,"audioPlay":false,"sceneViewState":{"m_AlwaysRefresh":false,"showFog":true,"showSkybox":false,"showFlares":true,"showImageEffects":true,"showParticleSystems":true,"showVisualEffectGraphs":true,"m_FxEnabled":true},"in2DMode":false,"pivot":{"x":0.014058530330657959,"y":-0.00603252649307251,"z":0.06527945399284363},"rotation":{"x":-0.317362517118454,"y":0.46560266613960268,"z":-0.18343999981880189,"w":-0.805518388748169},"size":0.5094092488288879,"orthographic":false}