{"cameraMode":{"drawMode":0,"name":"Shaded","section":"Shading Mode"},"sceneLighting":false,"audioPlay":false,"sceneViewState":{"m_AlwaysRefresh":false,"showFog":true,"showSkybox":false,"showFlares":true,"showImageEffects":true,"showParticleSystems":true,"showVisualEffectGraphs":true,"m_FxEnabled":true},"in2DMode":false,"pivot":{"x":0.4307551383972168,"y":1.1765661239624024,"z":-13.699322700500489},"rotation":{"x":0.17263434827327729,"y":-0.7545705437660217,"z":0.21937723457813264,"w":0.5939849615097046},"size":4.361029624938965,"orthographic":false}