{"cameraMode":{"drawMode":0,"name":"Shaded","section":"Shading Mode"},"sceneLighting":false,"audioPlay":false,"sceneViewState":{"m_AlwaysRefresh":false,"showFog":true,"showSkybox":false,"showFlares":true,"showImageEffects":true,"showParticleSystems":true,"showVisualEffectGraphs":true,"m_FxEnabled":true},"in2DMode":false,"pivot":{"x":0.04463934898376465,"y":0.003381490707397461,"z":0.05914449691772461},"rotation":{"x":-0.317362517118454,"y":0.46560266613960268,"z":-0.18343999981880189,"w":-0.805518388748169},"size":5.690499782562256,"orthographic":false}