{"cameraMode":{"drawMode":0,"name":"Shaded","section":"Shading Mode"},"sceneLighting":false,"audioPlay":false,"sceneViewState":{"m_AlwaysRefresh":false,"showFog":true,"showSkybox":false,"showFlares":true,"showImageEffects":true,"showParticleSystems":true,"showVisualEffectGraphs":true,"m_FxEnabled":true},"in2DMode":false,"pivot":{"x":0.27491602301597597,"y":0.5171228647232056,"z":0.958211362361908},"rotation":{"x":0.16846416890621186,"y":-0.7660773396492004,"z":0.2229457050561905,"w":0.5788704752922058},"size":1.0333356857299805,"orthographic":false}